dataset,published_rate,published_runs,srbf_hit
feynman_III_10_19,0,8,0
feynman_III_12_43,1,8,1
feynman_III_13_18,1,8,1
feynman_III_14_14,0,8,0
feynman_III_15_12,1,8,1
feynman_III_15_14,1,8,1
feynman_III_15_27,1,8,1
feynman_III_17_37,1,8,1
feynman_III_19_51,1,8,1
feynman_III_21_20,1,8,1
feynman_III_4_32,1,8,1
feynman_III_4_33,1,8,1
feynman_III_7_38,1,8,1
feynman_III_8_54,0.5,8,0
feynman_III_9_52,0,8,0
feynman_II_10_9,1,8,1
feynman_II_11_20,1,8,1
feynman_II_11_27,1,8,1
feynman_II_11_28,1,8,1
feynman_II_11_3,1,8,1
feynman_II_13_17,1,8,1
feynman_II_13_23,1,8,1
feynman_II_13_34,1,8,1
feynman_II_15_4,1,8,1
feynman_II_15_5,1,8,1
feynman_II_21_32,0.75,8,1
feynman_II_24_17,1,8,1
feynman_II_27_16,1,8,1
feynman_II_27_18,1,8,1
feynman_II_2_42,1,8,1
feynman_II_34_11,1,8,1
feynman_II_34_2,1,8,1
feynman_II_34_29a,1,8,1
feynman_II_34_29b,1,8,1
feynman_II_34_2a,1,8,1
feynman_II_35_18,0,8,0
feynman_II_35_21,0,8,0
feynman_II_36_38,0,8,1
feynman_II_37_1,1,8,1
feynman_II_38_14,1,8,1
feynman_II_38_3,1,8,1
feynman_II_3_24,1,8,1
feynman_II_4_23,1,8,1
feynman_II_6_11,1,8,1
feynman_II_6_15a,0.5,8,0
feynman_II_6_15b,1,8,1
feynman_II_8_31,1,8,1
feynman_II_8_7,1,8,1
feynman_I_10_7,1,8,1
feynman_I_11_19,0.625,8,1
feynman_I_12_1,1,8,1
feynman_I_12_11,1,8,1
feynman_I_12_2,1,8,1
feynman_I_12_4,1,8,1
feynman_I_12_5,1,8,1
feynman_I_13_12,1,8,1
feynman_I_13_4,0.125,8,0
feynman_I_14_3,1,8,1
feynman_I_14_4,1,8,1
feynman_I_15_10,1,8,1
feynman_I_15_3t,1,8,1
feynman_I_15_3x,1,8,1
feynman_I_16_6,0,8,0
feynman_I_18_12,1,8,1
feynman_I_18_14,1,8,1
feynman_I_18_4,0.25,8,0
feynman_I_24_6,0.875,8,0
feynman_I_25_13,1,8,1
feynman_I_27_6,0.875,8,0
feynman_I_29_16,0,8,0
feynman_I_29_4,1,8,1
feynman_I_30_3,0.375,8,0
feynman_I_32_17,0.375,8,0
feynman_I_32_5,1,8,1
feynman_I_34_1,1,8,1
feynman_I_34_14,1,8,1
feynman_I_34_27,1,8,1
feynman_I_34_8,0.875,8,1
feynman_I_37_4,0.375,8,0
feynman_I_38_12,0.875,8,1
feynman_I_39_1,1,8,1
feynman_I_39_11,0.875,8,1
feynman_I_39_22,0.875,8,1
feynman_I_40_1,0,8,0
feynman_I_41_16,1,8,1
feynman_I_43_16,0.875,8,1
feynman_I_43_31,0.875,8,1
feynman_I_43_43,0.875,8,1
feynman_I_44_4,0.875,8,1
feynman_I_47_23,0.875,8,1
feynman_I_48_2,1,8,1
feynman_I_50_26,0,8,1
feynman_I_6_2,0.25,8,0
feynman_I_6_2a,1,8,1
feynman_I_6_2b,0,8,0
feynman_I_8_14,0,8,0
feynman_I_9_18,0,8,0
feynman_test_1,0.625,8,0
feynman_test_11,0,8,0
feynman_test_12,0.875,8,1
feynman_test_13,0,8,0
feynman_test_14,0,8,0
feynman_test_15,0,8,0
feynman_test_16,0,8,0
feynman_test_17,1,8,1
feynman_test_18,0.125,8,0
feynman_test_19,0.125,8,0
feynman_test_2,0,8,0
feynman_test_20,0,8,0
feynman_test_3,0.75,8,1
feynman_test_4,0.125,8,1
feynman_test_5,0.875,8,1
feynman_test_6,0,8,0
feynman_test_7,0.875,8,1
feynman_test_8,0,8,0
feynman_test_9,0.125,8,1
